<?xml version="1.0" encoding="UTF-8"?>
<!DOCTYPE mapper PUBLIC "-//mybatis.org//DTD Mapper 3.0//EN" "http://mybatis.org/dtd/mybatis-3-mapper.dtd">
<mapper namespace="com.jiawa.wiki.mapper.EbookMapper">
  <resultMap id="BaseResultMap" type="com.jiawa.wiki.domain.Ebook">
    <id column="id" jdbcType="BIGINT" property="id" />
    <result column="name" jdbcType="VARCHAR" property="name" />
    <result column="category1_id" jdbcType="BIGINT" property="category1Id" />
    <result column="category2_id" jdbcType="BIGINT" property="category2Id" />
    <result column="description" jdbcType="VARCHAR" property="description" />
    <result column="cover" jdbcType="VARCHAR" property="cover" />
    <result column="doc_count" jdbcType="INTEGER" property="docCount" />
    <result column="view_count" jdbcType="INTEGER" property="viewCount" />
    <result column="vote_count" jdbcType="INTEGER" property="voteCount" />
  </resultMap>
  <sql id="Example_Where_Clause">
    <where>
      <foreach collection="oredCriteria" item="criteria" separator="or">
        <if test="criteria.valid">
          <trim prefix="(" prefixOverrides="and" suffix=")">
            <foreach collection="criteria.criteria" item="criterion">
              <choose>
                <when test="criterion.noValue">
                  and ${criterion.condition}
                </when>
                <when test="criterion.singleValue">
                  and ${criterion.condition} #{criterion.value}
                </when>
                <when test="criterion.betweenValue">
                  and ${criterion.condition} #{criterion.value} and #{criterion.secondValue}
                </when>
                <when test="criterion.listValue">
                  and ${criterion.condition}
                  <foreach close=")" collection="criterion.value" item="listItem" open="(" separator=",">
                    #{listItem}
                  </foreach>
                </when>
              </choose>
            </foreach>
          </trim>
        </if>
      </foreach>
    </where>
  </sql>
  <sql id="Update_By_Example_Where_Clause">
    <where>
      <foreach collection="example.oredCriteria" item="criteria" separator="or">
        <if test="criteria.valid">
          <trim prefix="(" prefixOverrides="and" suffix=")">
            <foreach collection="criteria.criteria" item="criterion">
              <choose>
                <when test="criterion.noValue">
                  and ${criterion.condition}
                </when>
                <when test="criterion.singleValue">
                  and ${criterion.condition} #{criterion.value}
                </when>
                <when test="criterion.betweenValue">
                  and ${criterion.condition} #{criterion.value} and #{criterion.secondValue}
                </when>
                <when test="criterion.listValue">
                  and ${criterion.condition}
                  <foreach close=")" collection="criterion.value" item="listItem" open="(" separator=",">
                    #{listItem}
                  </foreach>
                </when>
              </choose>
            </foreach>
          </trim>
        </if>
      </foreach>
    </where>
  </sql>
  <sql id="Base_Column_List">
    id, `name`, category1_id, category2_id, description, cover, doc_count, view_count, 
    vote_count
  </sql>
  <select id="selectByExample" parameterType="com.jiawa.wiki.domain.EbookExample" resultMap="BaseResultMap">
    select
    <if test="distinct">
      distinct
    </if>
    <include refid="Base_Column_List" />
    from ebook
    <if test="_parameter != null">
      <include refid="Example_Where_Clause" />
    </if>
    <if test="orderByClause != null">
      order by ${orderByClause}
    </if>
  </select>
  <select id="selectByPrimaryKey" parameterType="java.lang.Long" resultMap="BaseResultMap">
    select 
    <include refid="Base_Column_List" />
    from ebook
    where id = #{id,jdbcType=BIGINT}
  </select>
  <delete id="deleteByPrimaryKey" parameterType="java.lang.Long">
    delete from ebook
    where id = #{id,jdbcType=BIGINT}
  </delete>
  <delete id="deleteByExample" parameterType="com.jiawa.wiki.domain.EbookExample">
    delete from ebook
    <if test="_parameter != null">
      <include refid="Example_Where_Clause" />
    </if>
  </delete>
  <insert id="insert" parameterType="com.jiawa.wiki.domain.Ebook">
    insert into ebook (id, `name`, category1_id, 
      category2_id, description, cover, 
      doc_count, view_count, vote_count
      )
    values (#{id,jdbcType=BIGINT}, #{name,jdbcType=VARCHAR}, #{category1Id,jdbcType=BIGINT}, 
      #{category2Id,jdbcType=BIGINT}, #{description,jdbcType=VARCHAR}, #{cover,jdbcType=VARCHAR}, 
      #{docCount,jdbcType=INTEGER}, #{viewCount,jdbcType=INTEGER}, #{voteCount,jdbcType=INTEGER}
      )
  </insert>
  <insert id="insertSelective" parameterType="com.jiawa.wiki.domain.Ebook">
    insert into ebook
    <trim prefix="(" suffix=")" suffixOverrides=",">
      <if test="id != null">
        id,
      </if>
      <if test="name != null">
        `name`,
      </if>
      <if test="category1Id != null">
        category1_id,
      </if>
      <if test="category2Id != null">
        category2_id,
      </if>
      <if test="description != null">
        description,
      </if>
      <if test="cover != null">
        cover,
      </if>
      <if test="docCount != null">
        doc_count,
      </if>
      <if test="viewCount != null">
        view_count,
      </if>
      <if test="voteCount != null">
        vote_count,
      </if>
    </trim>
    <trim prefix="values (" suffix=")" suffixOverrides=",">
      <if test="id != null">
        #{id,jdbcType=BIGINT},
      </if>
      <if test="name != null">
        #{name,jdbcType=VARCHAR},
      </if>
      <if test="category1Id != null">
        #{category1Id,jdbcType=BIGINT},
      </if>
      <if test="category2Id != null">
        #{category2Id,jdbcType=BIGINT},
      </if>
      <if test="description != null">
        #{description,jdbcType=VARCHAR},
      </if>
      <if test="cover != null">
        #{cover,jdbcType=VARCHAR},
      </if>
      <if test="docCount != null">
        #{docCount,jdbcType=INTEGER},
      </if>
      <if test="viewCount != null">
        #{viewCount,jdbcType=INTEGER},
      </if>
      <if test="voteCount != null">
        #{voteCount,jdbcType=INTEGER},
      </if>
    </trim>
  </insert>
  <select id="countByExample" parameterType="com.jiawa.wiki.domain.EbookExample" resultType="java.lang.Long">
    select count(*) from ebook
    <if test="_parameter != null">
      <include refid="Example_Where_Clause" />
    </if>
  </select>
  <update id="updateByExampleSelective" parameterType="map">
    update ebook
    <set>
      <if test="record.id != null">
        id = #{record.id,jdbcType=BIGINT},
      </if>
      <if test="record.name != null">
        `name` = #{record.name,jdbcType=VARCHAR},
      </if>
      <if test="record.category1Id != null">
        category1_id = #{record.category1Id,jdbcType=BIGINT},
      </if>
      <if test="record.category2Id != null">
        category2_id = #{record.category2Id,jdbcType=BIGINT},
      </if>
      <if test="record.description != null">
        description = #{record.description,jdbcType=VARCHAR},
      </if>
      <if test="record.cover != null">
        cover = #{record.cover,jdbcType=VARCHAR},
      </if>
      <if test="record.docCount != null">
        doc_count = #{record.docCount,jdbcType=INTEGER},
      </if>
      <if test="record.viewCount != null">
        view_count = #{record.viewCount,jdbcType=INTEGER},
      </if>
      <if test="record.voteCount != null">
        vote_count = #{record.voteCount,jdbcType=INTEGER},
      </if>
    </set>
    <if test="_parameter != null">
      <include refid="Update_By_Example_Where_Clause" />
    </if>
  </update>
  <update id="updateByExample" parameterType="map">
    update ebook
    set id = #{record.id,jdbcType=BIGINT},
      `name` = #{record.name,jdbcType=VARCHAR},
      category1_id = #{record.category1Id,jdbcType=BIGINT},
      category2_id = #{record.category2Id,jdbcType=BIGINT},
      description = #{record.description,jdbcType=VARCHAR},
      cover = #{record.cover,jdbcType=VARCHAR},
      doc_count = #{record.docCount,jdbcType=INTEGER},
      view_count = #{record.viewCount,jdbcType=INTEGER},
      vote_count = #{record.voteCount,jdbcType=INTEGER}
    <if test="_parameter != null">
      <include refid="Update_By_Example_Where_Clause" />
    </if>
  </update>
  <update id="updateByPrimaryKeySelective" parameterType="com.jiawa.wiki.domain.Ebook">
    update ebook
    <set>
      <if test="name != null">
        `name` = #{name,jdbcType=VARCHAR},
      </if>
      <if test="category1Id != null">
        category1_id = #{category1Id,jdbcType=BIGINT},
      </if>
      <if test="category2Id != null">
        category2_id = #{category2Id,jdbcType=BIGINT},
      </if>
      <if test="description != null">
        description = #{description,jdbcType=VARCHAR},
      </if>
      <if test="cover != null">
        cover = #{cover,jdbcType=VARCHAR},
      </if>
      <if test="docCount != null">
        doc_count = #{docCount,jdbcType=INTEGER},
      </if>
      <if test="viewCount != null">
        view_count = #{viewCount,jdbcType=INTEGER},
      </if>
      <if test="voteCount != null">
        vote_count = #{voteCount,jdbcType=INTEGER},
      </if>
    </set>
    where id = #{id,jdbcType=BIGINT}
  </update>
  <update id="updateByPrimaryKey" parameterType="com.jiawa.wiki.domain.Ebook">
    update ebook
    set `name` = #{name,jdbcType=VARCHAR},
      category1_id = #{category1Id,jdbcType=BIGINT},
      category2_id = #{category2Id,jdbcType=BIGINT},
      description = #{description,jdbcType=VARCHAR},
      cover = #{cover,jdbcType=VARCHAR},
      doc_count = #{docCount,jdbcType=INTEGER},
      view_count = #{viewCount,jdbcType=INTEGER},
      vote_count = #{voteCount,jdbcType=INTEGER}
    where id = #{id,jdbcType=BIGINT}
  </update>
</mapper>